<?xml version="1.0" encoding="UTF-8"?>
<project-private xmlns="http://www.netbeans.org/ns/project-private/1">
    <editor-bookmarks xmlns="http://www.netbeans.org/ns/editor-bookmarks/2" lastBookmarkId="0"/>
    <open-files xmlns="http://www.netbeans.org/ns/projectui-open-files/2">
        <group>
            <file>file:/C:/Users/AsifH/OneDrive%20-%20University%20of%20Huddersfield/Embeded_Systems/PIC%20Kit%203/Codin%20Project.X/LCDdrive882.c</file>
            <file>file:/C:/Users/AsifH/OneDrive%20-%20University%20of%20Huddersfield/Embeded_Systems/PIC%20Kit%203/Codin%20Project.X/VendingMachine.c</file>
        </group>
    </open-files>
</project-private>
